{
    "Vue": 269.0250000000001,
    "Riot": 714.6449999999991,
    "Backbone": 732.8850000000002,
    "Knockout": 579.2849999999999,
    "Ember": 1782.2849999999999,
    "Angular": 2536.495000000001,
    "Angular2": 85.28000000000429,
    "React": 1078.2900000000009,
    "Om": 622.6449999999986,
    "Om v": 589.8900000000012,
    "Ractive": 1721.659999999998,
    "Quiescent": 1207.929999999993,
    "Mercury": 278.59999999999854,
    "Mercury (thunks)": 304.7700000000041,
    "Elm": 467,
    "Mithril": 187.52000000000044,
    "Likely.js": 779.2800000000025
}
